variant,model,fold_id,scope,n,n_positive,n_negative,prevalence,auroc,average_precision,brier_sample
current_339,coords,pooled,pooled,674,335,339,0.4970326409495549,0.6358649231717519,0.6204040561253872,0.23726544038300307
current_339,terrain,pooled,pooled,674,335,339,0.4970326409495549,0.6815832342711223,0.6456810239913501,0.22937222239722366
current_339,landcover_context,pooled,pooled,674,335,339,0.4970326409495549,0.7211464799894334,0.6961196173451218,0.216607713958848
current_339,terrain_landcover,pooled,pooled,674,335,339,0.4970326409495549,0.7206357592568132,0.7053362241467264,0.21851518205470555
current_339,ae_only,pooled,pooled,674,335,339,0.4970326409495549,0.8921234535288162,0.8491480280387799,0.13294866455977133
current_339,terrain_ae,pooled,pooled,674,335,339,0.4970326409495549,0.8904327917932462,0.8460243699209715,0.13472937750034883
current_339,terrain_landcover_ae,pooled,pooled,674,335,339,0.4970326409495549,0.8924140360146171,0.8515056243146494,0.13790285547755787
redraw_year_matched_20261005,coords,pooled,pooled,674,335,339,0.4970326409495549,0.6507638797164619,0.5794318049252921,0.2347112894721069
redraw_year_matched_20261005,terrain,pooled,pooled,674,335,339,0.4970326409495549,0.7512790032140183,0.6985564509114512,0.19861658399313756
redraw_year_matched_20261005,landcover_context,pooled,pooled,674,335,339,0.4970326409495549,0.8050455686170915,0.7409299858914496,0.1785414896966713
redraw_year_matched_20261005,terrain_landcover,pooled,pooled,674,335,339,0.4970326409495549,0.8054065953418746,0.7473077460020792,0.17742769421944488
redraw_year_matched_20261005,ae_only,pooled,pooled,674,335,339,0.4970326409495549,0.9091445427728614,0.8922384765966986,0.11806345495960834
redraw_year_matched_20261005,terrain_ae,pooled,pooled,674,335,339,0.4970326409495549,0.9195438735525912,0.9146945482837172,0.11127981414573615
redraw_year_matched_20261005,terrain_landcover_ae,pooled,pooled,674,335,339,0.4970326409495549,0.9213842292959978,0.9162958640597965,0.11307663707812078
all_eligible_657,coords,pooled,pooled,992,335,657,0.3377016129032258,0.6269838024489425,0.4063781746963071,0.2396963628112034
all_eligible_657,terrain,pooled,pooled,992,335,657,0.3377016129032258,0.7459324382652945,0.5586700307112329,0.21202354251612202
all_eligible_657,landcover_context,pooled,pooled,992,335,657,0.3377016129032258,0.8154478747813444,0.6438988607997409,0.18037405940357337
all_eligible_657,terrain_landcover,pooled,pooled,992,335,657,0.3377016129032258,0.815129830300552,0.647904964127714,0.18151299680134458
all_eligible_657,ae_only,pooled,pooled,992,335,657,0.3377016129032258,0.9107476317044914,0.8244656599674557,0.1266508238648261
all_eligible_657,terrain_ae,pooled,pooled,992,335,657,0.3377016129032258,0.9101069992503238,0.8314347770314117,0.1296625694901947
all_eligible_657,terrain_landcover_ae,pooled,pooled,992,335,657,0.3377016129032258,0.9120198096276609,0.8300228267218361,0.1339804899534384
