variant,buffer_m,contrast,n,n_sites,n_draws,delta_auroc,delta_auroc_lo,delta_auroc_hi,delta_ap,delta_ap_lo,delta_ap_hi
current_339,0,prior_AE_increment,604,377,1000,0.11462050129950219,0.04906150491213466,0.18731112972601066,0.1025437485317513,0.001150687538961437,0.21545216190501906
current_339,0,event_minus_prior_AE,604,377,1000,0.026034095414298908,0.006357208883542771,0.044736467404039755,0.02954830609325043,0.006699707848996012,0.05112615703837148
current_339,250,prior_AE_increment,604,377,1000,0.10793577375446006,0.04727067352885741,0.18064024998265818,0.13355951393127852,0.03375731530881295,0.23570306771872912
current_339,250,event_minus_prior_AE,604,377,1000,0.023258887273688522,0.004120789031950765,0.04293674566885469,-0.0011539674715823622,-0.02159551558357664,0.029669939331694904
current_339,500,prior_AE_increment,604,377,1000,0.06327915069820711,0.0022383656666349547,0.13548036568158284,0.09234490556452013,-0.009947831836803287,0.19521734312424016
current_339,500,event_minus_prior_AE,604,377,1000,0.037993920972644424,0.01529737054189458,0.06215296481555617,0.016360734616939987,-0.0037335815560856356,0.045089361759157044
redraw_year_matched_20261005,0,prior_AE_increment,604,424,1000,0.059083300295141195,0.01928232400801051,0.10369849726163478,0.08346962556625581,0.030478435356027976,0.147451164294335
redraw_year_matched_20261005,0,event_minus_prior_AE,604,424,1000,0.03174970265627064,0.01418372255515705,0.05115689143448567,0.037568221691175574,0.012846951529796086,0.06509487966497031
redraw_year_matched_20261005,250,prior_AE_increment,604,424,1000,0.05434782608695654,0.020044393153497053,0.09345191774178567,0.06589345126067969,0.02781456913307248,0.10753700780441808
redraw_year_matched_20261005,250,event_minus_prior_AE,604,424,1000,0.023996740231708058,0.006891463188687835,0.04197252815030922,0.028875649267776526,0.00668894468108404,0.05251940076010485
redraw_year_matched_20261005,500,prior_AE_increment,604,424,1000,0.037068851592441,0.0039150318361081465,0.07299359744700341,0.05827984104837969,0.019154219773410766,0.10273443424072294
redraw_year_matched_20261005,500,event_minus_prior_AE,604,424,1000,0.024877758689044405,0.006104085150960251,0.04311640527605283,0.0188015385674849,-0.0053877088174821616,0.04141025330061193
all_eligible_657,0,prior_AE_increment,870,428,1000,0.04844833839597418,0.013625923769704711,0.08542659272025782,0.10276115362217353,0.024579981731293124,0.17312276987022238
all_eligible_657,0,event_minus_prior_AE,870,428,1000,0.022696876275105304,0.00783060346764392,0.039833930301741,0.042410501020439084,0.010182749176542313,0.0786498204133035
all_eligible_657,250,prior_AE_increment,870,428,1000,0.019069909779208527,-0.018642766372707516,0.05710060777644281,0.02172980747058717,-0.04292437407388153,0.08449310702164421
all_eligible_657,250,event_minus_prior_AE,870,428,1000,0.027264587205875768,0.013527218079606274,0.04312721872725088,0.04313245531930043,0.01186701241948962,0.07846000180878045
all_eligible_657,500,prior_AE_increment,870,428,1000,-8.500702724745235e-05,-0.03802856816512459,0.03865806334633064,8.187180694241292e-05,-0.06290443056251671,0.06199848572130577
all_eligible_657,500,event_minus_prior_AE,870,428,1000,0.039998639887564025,0.023023172180209613,0.05935621486846784,0.07460909425078743,0.02105006158026813,0.11500018815572668
