variant,buffer_m,fold_id,feasible,candidate_n,retained_n,excluded_n,test_n,test_feature_missing,min_retained_test_m,projection_max_relative_difference,retained_id_sha256,test_id_sha256,candidate_class0,retained_class0,excluded_class0,test_class0,candidate_class1,retained_class1,excluded_class1,test_class1
current_339,0,site_fold_0,True,487,487,0,117,0,8.560688816009348,7.828464434078697e-05,5a06aa2565651fe08b3f72adb469acc0066de5e08e1d178c82c0f81717a19fe3,e74c234f321c2d7b4451d987e201bba6367c0a9ee1fd464b0629051060d3cedf,230,230,0,52,257,257,0,65
current_339,0,site_fold_1,True,472,472,0,132,0,8.596709131621905,7.854141379859403e-05,0b19b00b5224a8f65deaa5f7cedac13c29179aecda3732624e51d1f88007c07a,43c58e554fa5622c0fa4b4af3fdc9b692a2b5e2654323ed58d8f09470becddaa,210,210,0,72,262,262,0,60
current_339,0,site_fold_2,True,485,485,0,119,0,8.39409710731521,7.862578892048333e-05,d7865e58edc14c4bbd69b23e6b3eaa223386682b354799136c648d27eb34f196,dc04ab95581c97952e39c5f20edd668fe9e74b890257bc9223e0624e4926a1b4,226,226,0,56,259,259,0,63
current_339,0,site_fold_3,True,489,489,0,115,0,8.39409710731521,7.81461535340755e-05,0c183265bb5cec227a36b48585ae3f3fa7da6d0ab4cb7a451b5c175645121e66,bcdfca7728a3d60d39d5b826ccf5356a37db711490790eddfb351d8e015cba9d,235,235,0,47,254,254,0,68
current_339,0,site_fold_4,True,483,483,0,121,0,8.596709131621905,7.862578892048333e-05,8863583045f0c404b91b8249d87db7bd555ed340a4558319a6249fc17eef6d15,70b294369132f2d825db0c0427eda95d35e39f0a4518e5822b6b5cec99a56360,227,227,0,55,256,256,0,66
current_339,250,site_fold_0,True,487,368,119,117,0,255.58300495058165,7.828464434078697e-05,0666351cb673a655c90dbce992aeb893acb05d661306d9c4426e6a595589f777,e74c234f321c2d7b4451d987e201bba6367c0a9ee1fd464b0629051060d3cedf,230,230,0,52,257,138,119,65
current_339,250,site_fold_1,True,472,354,118,132,0,250.00671732537404,7.854141379859403e-05,2cdb51b352ab93bb8f3e6dd95b6a98a2060eda10eee7271d63d4cd6996f47601,43c58e554fa5622c0fa4b4af3fdc9b692a2b5e2654323ed58d8f09470becddaa,210,205,5,72,262,149,113,60
current_339,250,site_fold_2,True,485,362,123,119,0,263.1826764912473,7.862578892048333e-05,c9c66a693e8d2cc8b40a3b8c80c1e484364107d958c6ed4e000cd63d13c2f324,dc04ab95581c97952e39c5f20edd668fe9e74b890257bc9223e0624e4926a1b4,226,221,5,56,259,141,118,63
current_339,250,site_fold_3,True,489,357,132,115,0,253.15298535038775,7.81461535340755e-05,6292e69e5bb141a7d375e140d2e49bf5663b15a174efc60236596617eb8a58c2,bcdfca7728a3d60d39d5b826ccf5356a37db711490790eddfb351d8e015cba9d,235,230,5,47,254,127,127,68
current_339,250,site_fold_4,True,483,362,121,121,0,251.80677007330908,7.862578892048333e-05,39053d2bfd8bdfd3f8553d7bbf4e6c03c0600b9563d252a148e08de31575cefb,70b294369132f2d825db0c0427eda95d35e39f0a4518e5822b6b5cec99a56360,227,217,10,55,256,145,111,66
current_339,500,site_fold_0,True,487,323,164,117,0,504.19130813513505,7.828464434078697e-05,dcaa0f33c6fb7810547f868f0cf2fe68e604bf97300b911f2e9c7cb6d475710b,e74c234f321c2d7b4451d987e201bba6367c0a9ee1fd464b0629051060d3cedf,230,225,5,52,257,98,159,65
current_339,500,site_fold_1,True,472,308,164,132,0,504.19130813513505,7.854141379859403e-05,c486a3ea9a28f6f6300d68053f6c01ad396e933d29a6d8dc54106994dcba28f2,43c58e554fa5622c0fa4b4af3fdc9b692a2b5e2654323ed58d8f09470becddaa,210,194,16,72,262,114,148,60
current_339,500,site_fold_2,True,485,312,173,119,0,515.8327905600917,7.862578892048333e-05,15cd9b0985331cb3af507fa427a6b55333200ab40bb50febcde2b185601062aa,dc04ab95581c97952e39c5f20edd668fe9e74b890257bc9223e0624e4926a1b4,226,211,15,56,259,101,158,63
current_339,500,site_fold_3,True,489,309,180,115,0,510.17000055375064,7.81461535340755e-05,a15a07854062b5d0b941cc33e1db717cf4000ed803fe2e2f38a879bcd37230ac,bcdfca7728a3d60d39d5b826ccf5356a37db711490790eddfb351d8e015cba9d,235,225,10,47,254,84,170,68
current_339,500,site_fold_4,True,483,318,165,121,0,510.17000055375064,7.862578892048333e-05,02169120ec7a823c7065e22dcfa21f98b1c54bd45770da081bd466bf7a47fa9f,70b294369132f2d825db0c0427eda95d35e39f0a4518e5822b6b5cec99a56360,227,207,20,55,256,111,145,66
redraw_year_matched_20261005,0,site_fold_0,True,486,486,0,118,0,11.053244701037077,8.03689959735232e-05,5b4697cb8e321665023f9cca11f88568fde2f4e5bd157296403b24f4958164bd,0db877b0ba72cc11fd7ceaa7e9bff77a5d1bcc130a1a30e0d0a228e52c5a39f4,230,230,0,52,256,256,0,66
redraw_year_matched_20261005,0,site_fold_1,True,489,489,0,115,0,8.39409710731521,8.0621291073113e-05,ba3946cdcb1dd27b7a22eaeacc493d438c57ba0fbbae44e025412bfc200d4ddb,c29f70647c8efa0b489c9ffe22c04d60d20107a069058ac17480665c49fcce65,230,230,0,52,259,259,0,63
redraw_year_matched_20261005,0,site_fold_2,True,476,476,0,128,0,8.560688816009348,8.08818305820802e-05,f2f26f2cf95e5a5645e9574390c365b3149e754206a60856cfb2a254084d640a,255baf8f1d0da7f659264d18f0acfdc8a7f79f18bb70e23b9edc8dd4051eed3c,212,212,0,70,264,264,0,58
redraw_year_matched_20261005,0,site_fold_3,True,483,483,0,121,0,8.39409710731521,8.08818305820802e-05,3f3879e5fba4e5b3440866aec26a312bf04f461d74c6f9f9062cde761cb2edff,0f50dbdd7b06d54fa204ffee7003b0da22d1afde6062ebb1306a1b6692d86b44,232,232,0,50,251,251,0,71
redraw_year_matched_20261005,0,site_fold_4,True,482,482,0,122,0,8.560688816009348,8.028477345101148e-05,43ac902290dfdd58825e99e9501b371e92dfb5f34d5981bd4ac14417eb409f20,b2e5067fa13622c0ad019f1a059158cbe00012d8fee3ca495adab658f3e1ba4a,224,224,0,58,258,258,0,64
redraw_year_matched_20261005,250,site_fold_0,True,486,360,126,118,0,257.15728250586835,8.03689959735232e-05,371cfcd1e881af38bbc14a4852c5712b2f19c706e1997569a7bc8980fc218f89,0db877b0ba72cc11fd7ceaa7e9bff77a5d1bcc130a1a30e0d0a228e52c5a39f4,230,230,0,52,256,130,126,66
redraw_year_matched_20261005,250,site_fold_1,True,489,361,128,115,0,250.09717322545475,8.0621291073113e-05,225f795b3917bf8cea783897724acb37b04c3d115556a3b3ff68ae06130b6166,c29f70647c8efa0b489c9ffe22c04d60d20107a069058ac17480665c49fcce65,230,227,3,52,259,134,125,63
redraw_year_matched_20261005,250,site_fold_2,True,476,364,112,128,0,250.09712600286113,8.08818305820802e-05,7e89b94b9e070e92e49f56583b8f7ac0c1384a74985cb96766dcd3bd32df7b14,255baf8f1d0da7f659264d18f0acfdc8a7f79f18bb70e23b9edc8dd4051eed3c,212,211,1,70,264,153,111,58
redraw_year_matched_20261005,250,site_fold_3,True,483,360,123,121,0,257.15728250586835,8.08818305820802e-05,2f870df39880844314ee056b5f765b2a6cd37e198506663ca87cf2afb8b6e03a,0f50dbdd7b06d54fa204ffee7003b0da22d1afde6062ebb1306a1b6692d86b44,232,231,1,50,251,129,122,71
redraw_year_matched_20261005,250,site_fold_4,True,482,367,115,122,0,250.09712600286113,8.028477345101148e-05,bb306c48b5def1336e240fefa204c6642283401436b9cbc7a60f5a02c4b3590b,b2e5067fa13622c0ad019f1a059158cbe00012d8fee3ca495adab658f3e1ba4a,224,220,4,58,258,147,111,64
redraw_year_matched_20261005,500,site_fold_0,True,486,312,174,118,0,510.17000055375064,8.03689959735232e-05,97663d2af17a69b92b1d16598bfcb66fa3722444c7a5e4dfd5c7d82341c08079,0db877b0ba72cc11fd7ceaa7e9bff77a5d1bcc130a1a30e0d0a228e52c5a39f4,230,225,5,52,256,87,169,66
redraw_year_matched_20261005,500,site_fold_1,True,489,301,188,115,0,500.186027081309,8.0621291073113e-05,02898858ba388c8232f7d2fafaf01b0ad4ad36a95118c7dba8ee545df6f46afd,c29f70647c8efa0b489c9ffe22c04d60d20107a069058ac17480665c49fcce65,230,221,9,52,259,80,179,63
redraw_year_matched_20261005,500,site_fold_2,True,476,322,154,128,0,500.186027081309,8.08818305820802e-05,c63435e1033b954cf7f58846297d9b4dfb14e1837861073c79c0f7f7311d3395,255baf8f1d0da7f659264d18f0acfdc8a7f79f18bb70e23b9edc8dd4051eed3c,212,206,6,70,264,116,148,58
redraw_year_matched_20261005,500,site_fold_3,True,483,322,161,121,0,504.19130813513505,8.08818305820802e-05,1e53c4290e1b172e8fe2e862a2c8df05db72bc5e7cb28ae3c0122a3ab5a74bb6,0f50dbdd7b06d54fa204ffee7003b0da22d1afde6062ebb1306a1b6692d86b44,232,225,7,50,251,97,154,71
redraw_year_matched_20261005,500,site_fold_4,True,482,320,162,122,0,501.1369455077176,8.028477345101148e-05,6050cfd90b555977dc93974f9657993282101fed0e528d62b041dd117b58c4f5,b2e5067fa13622c0ad019f1a059158cbe00012d8fee3ca495adab658f3e1ba4a,224,214,10,58,258,106,152,64
all_eligible_657,0,site_fold_0,True,719,719,0,151,0,8.39409710731521,8.0621291073113e-05,d5df1f6edc49c284b267926a8a26ebb252b6c66849e43c618cda864d9224187c,0bceab4e6db548a3245c601195b974bf1743a963ffe1a157fd9a5c19041e3a79,468,468,0,80,251,251,0,71
all_eligible_657,0,site_fold_1,True,669,669,0,201,0,8.560688816009348,8.0621291073113e-05,81986b1ef06cd9b137841c8a73c817a2c97ba0ba69a5a866d699c2c2b5103401,e291968ee551db9e523ab43bd83eb4b5d7a2e4196aed0092a50efbc32a1ea43c,408,408,0,140,261,261,0,61
all_eligible_657,0,site_fold_2,True,715,715,0,155,0,8.39409710731521,8.005197173999168e-05,db8b2ace70304f888cedcc61edfe6b54ae6dab4184d666408d954fdc47e22875,e59a018d57c3c3d06b449e868fc71857ffaac92dee8a717e40110c9dcc68a3bf,460,460,0,88,255,255,0,67
all_eligible_657,0,site_fold_3,True,692,692,0,178,0,10.023347791833123,8.03689959735232e-05,6362ef173eb1d0fec2a55994486da6e41a7a0cf0be9bbea9e1ad7486552d7128,570b8320d5a2bc2944506964837f1285dfb93f929b0faf5bd9d738c4e097d4c2,434,434,0,114,258,258,0,64
all_eligible_657,0,site_fold_4,True,685,685,0,185,0,8.596709131621905,8.028477345101148e-05,1f9433635496aeef065f118aa0e4265ba274459b10dd10824f03008879056ff5,aec864a1ba348dd253c6c4a164733d52596ba741105f46a23c256f9053d33dd5,422,422,0,126,263,263,0,59
all_eligible_657,250,site_fold_0,True,719,590,129,151,0,253.15298535038775,8.0621291073113e-05,abfe9d314a072410227d1ddf1c463fb5548c227a42a454cc5cd6aacc2a76f912,0bceab4e6db548a3245c601195b974bf1743a963ffe1a157fd9a5c19041e3a79,468,463,5,80,251,127,124,71
all_eligible_657,250,site_fold_1,True,669,546,123,201,0,255.58300495058165,8.0621291073113e-05,d709aec2f6d86f674017494d5747751536d17ddcd5e1295dda5b8679459fdbc6,e291968ee551db9e523ab43bd83eb4b5d7a2e4196aed0092a50efbc32a1ea43c,408,398,10,140,261,148,113,61
all_eligible_657,250,site_fold_2,True,715,582,133,155,0,250.09717322545475,8.005197173999168e-05,69f7822ef601c8c2824988448b1de432e5c892b0395f7c2a99f8d9b0dc16456c,e59a018d57c3c3d06b449e868fc71857ffaac92dee8a717e40110c9dcc68a3bf,460,450,10,88,255,132,123,67
all_eligible_657,250,site_fold_3,True,692,568,124,178,0,263.3362226329155,8.03689959735232e-05,01fbb5762c5e82e6a706d552f121fb1f134fa83e5600bb9f6217154f436c1dc5,570b8320d5a2bc2944506964837f1285dfb93f929b0faf5bd9d738c4e097d4c2,434,429,5,114,258,139,119,64
all_eligible_657,250,site_fold_4,True,685,571,114,185,0,250.09717322545475,8.028477345101148e-05,6634c731f35474a056150c65970e5a6fcc4e3d9a047c58a0714e145e5a6af054,aec864a1ba348dd253c6c4a164733d52596ba741105f46a23c256f9053d33dd5,422,422,0,126,263,149,114,59
all_eligible_657,500,site_fold_0,True,719,545,174,151,0,500.186027081309,8.0621291073113e-05,00be9920cd2536685c19389333b261c2aaba0d18cd6bd0507e55b136b6c87715,0bceab4e6db548a3245c601195b974bf1743a963ffe1a157fd9a5c19041e3a79,468,457,11,80,251,88,163,71
all_eligible_657,500,site_fold_1,True,669,487,182,201,0,500.186027081309,8.0621291073113e-05,b6aaf01ddebbc32054d1c4f80bdcf6cea45fe46a1f5899863e998150bb3d941c,e291968ee551db9e523ab43bd83eb4b5d7a2e4196aed0092a50efbc32a1ea43c,408,382,26,140,261,105,156,61
all_eligible_657,500,site_fold_2,True,715,522,193,155,0,500.9391799665743,8.005197173999168e-05,faad4d47b6242ee9a396ee4ff644785713fc109e892d30bf40d224fc4b9a9473,e59a018d57c3c3d06b449e868fc71857ffaac92dee8a717e40110c9dcc68a3bf,460,430,30,88,255,92,163,67
all_eligible_657,500,site_fold_3,True,692,506,186,178,0,507.3071480269082,8.03689959735232e-05,39d1b581d83908d24d64a36df4297f125b7a59b740bead94621eef4e50ffff5a,570b8320d5a2bc2944506964837f1285dfb93f929b0faf5bd9d738c4e097d4c2,434,414,20,114,258,92,166,64
all_eligible_657,500,site_fold_4,True,685,512,173,185,0,509.2230355671624,8.028477345101148e-05,054f96deb6a6f1670649a8aa43d3d6df62f07f96d193e5784b2f483c671d7097,aec864a1ba348dd253c6c4a164733d52596ba741105f46a23c256f9053d33dd5,422,407,15,126,263,105,158,59
