variant,buffer_m,axis,omitted,n_rows,n_traces,n_candidates,n_sites,remaining_id_sha256,estimable,fragile,zero_inside_auroc,full_zero_inside_auroc,n_draws,delta_auroc,delta_auroc_lo,delta_auroc_hi,delta_ap,delta_ap_lo,delta_ap_hi,event_minus_prior_delta_auroc,event_minus_prior_delta_auroc_lo,event_minus_prior_delta_auroc_hi,event_minus_prior_delta_ap,event_minus_prior_delta_ap_lo,event_minus_prior_delta_ap_hi,reason
current_339,500,event_year,2018,465,242,223,295,8a240ddf783deaa2b9f0447fef7b7178d8268d2cebd1afa636282a4080a88ae4,True,True,True,False,1000,0.03974724826742748,-0.030104356633371146,0.11087611815503816,0.07928573108276749,-0.03058889358610224,0.17692770215829587,0.04512100211244119,0.021106187557800513,0.071275708673843,0.022110885723846563,-0.0018207962831484556,0.056177079723701576,estimated
current_339,500,event_year,2019,543,317,226,373,19411123fd6b9bc491c9d8296c0895d9519c1adfda99725f33c45d1d81582615,True,False,False,False,1000,0.0658412662963066,0.003002057196669808,0.13706506599781748,0.08831908555278245,-0.002845560305699795,0.16362097317373597,0.03262052985678787,0.00854697257514588,0.055662503744563926,0.006418301331291731,-0.011434690957753565,0.03543259446249883,estimated
current_339,500,event_year,2020,469,242,227,300,97194c1e5fa09ed4dd879e6192b7884f714a0165f7b26262bc2d67b604e97186,True,False,False,False,1000,0.06607929515418509,0.004185606237059089,0.13040236747276382,0.10118943759729782,-0.003430295859795861,0.19762616754251272,0.04354316088396981,0.0195966608645781,0.06894342162217772,0.0262459528994331,0.00040195334764187317,0.0535243371655376,estimated
current_339,500,event_year,2023,469,242,227,300,7e87c7c09e946f4222e6009553098f2e8395ca9db988d337f03d157a23eddddb,True,True,True,False,1000,0.059434958313612785,-0.006381617529812228,0.12819330910801624,0.08061749197363777,-0.029489271685032913,0.1761526014340912,0.0295263406997488,0.007468347218721103,0.05463083541102438,0.015074741422020477,-0.00567068884594924,0.046255449763624945,estimated
current_339,500,event_year,2024,470,245,225,305,94fd6c43fe1623313d46c2b6002d6b678a470a6abcf3bdf09b8b0d04c9b53919,True,False,False,False,1000,0.08426303854875283,0.017623117623117624,0.15299322258404935,0.109664877705548,-0.0006294597938512604,0.20222233131556389,0.038548752834467126,0.016692124967681774,0.06202320686637548,0.01561344467049064,-0.006985175017513548,0.04723855872860525,estimated
redraw_year_matched_20261005,500,event_year,2018,465,242,223,341,935992c1a0214c34de342d5ae491198565cb618a7f36aa87045675ecfd0ad206,True,False,False,False,1000,0.03974724826742748,0.0014528486953853121,0.07949719843676926,0.06285000255457829,0.016281791086503114,0.10818813754169551,0.021142941852277497,0.0013149166871444767,0.04251829086241627,0.017671635377771944,-0.008177890667740334,0.0465704187170039,estimated
redraw_year_matched_20261005,500,event_year,2019,543,317,226,419,7c07aa4e5ade78b2cc6cc13823e4c2a7d4e849648de008f6d7b2b3bd379389b2,True,True,True,False,1000,0.03206219815192224,-0.004961336528552343,0.07092281927656961,0.04814462730855995,0.011464720781542167,0.08875488205189506,0.022333268194634437,0.004476200288652088,0.040349857521230194,0.012593114990109067,-0.0069084799584536085,0.033076666564088676,estimated
redraw_year_matched_20261005,500,event_year,2020,469,242,227,344,9aac4c77535f4c2df97df418595d4abde9ff39ec687beeca5e1f36fbf1f0ae92,True,False,False,False,1000,0.04691083846069832,0.0051287218755837775,0.08877740840771016,0.08083839192323594,0.025673189167424004,0.13962260515198252,0.030691375104671015,0.011183063775160179,0.05019091936514327,0.028641752231279516,-0.0042873913815234576,0.05791885646724229,estimated
redraw_year_matched_20261005,500,event_year,2023,469,242,227,339,799dfdaa98cb95748eedb280a5b2eaebe0c635ee9b1d8c642167c79807533d30,True,False,False,False,1000,0.03318527687770778,0.0019487472889805377,0.06915957002694276,0.05244726759068885,0.010180762970230826,0.09674155847322356,0.02390140896348336,0.0053319297121000725,0.043571344382967746,0.016505011809884285,-0.006697650271278782,0.03985445968255477,estimated
redraw_year_matched_20261005,500,event_year,2024,470,245,225,349,46ae9336320808ada459bb2aa3c58cffe0cddf96d1d8b585d75d2ec97ee38d11,True,True,True,False,1000,0.033795918367346967,-0.00048304646693118886,0.07212150621118009,0.051599340195919496,0.009852817665566782,0.09417839458485508,0.027229024943310698,0.00972573523406471,0.044519786107541086,0.02239941764775011,-0.0022246258346719726,0.045608968890224894,estimated
all_eligible_657,500,event_year,2018,678,242,436,346,a7efc70f7864ef794c7a464251183356260506f847a79005aebb262b68bf6575,True,False,True,True,1000,-0.0035446205170975853,-0.04272475391578513,0.03790329085290739,0.0012567593142601696,-0.06400506255026557,0.06788513261437189,0.041123284555311224,0.022715625192673533,0.06149198295700197,0.0719876644230969,0.025679743067197187,0.10748639443498363,estimated
all_eligible_657,500,event_year,2019,756,317,439,424,0efc885886bad58742a5a49af62ff66054257b8afdd1b5f275f9bc1a40eaebb7,True,False,True,True,1000,-0.006654067532318342,-0.04943767100648821,0.034366991163765806,-0.008073721897050024,-0.0735903261054827,0.048768365506939575,0.038817789211212816,0.02110371802679506,0.057950377668107844,0.0621135519655599,0.018710766901900263,0.10046561926091903,estimated
all_eligible_657,500,event_year,2020,681,242,439,351,137473ec7d10291c1a7a0448e940bb3424292c25b424dda5c54e1e8bfe19b306,True,False,True,True,1000,0.003435682147630792,-0.038048553965154504,0.043440819853420916,0.011045450321114703,-0.06301587777371039,0.08203467460461061,0.04655584630734744,0.02886293359049861,0.06589900018528748,0.07664133622378166,0.02709257104757941,0.11581348961229038,estimated
all_eligible_657,500,event_year,2023,681,242,439,351,a3f01f7b0bc400312dbd55b84b743caf6c10027c278b3bb1998c6f2391dca188,True,False,True,True,1000,0.000771851879741714,-0.03746106734430663,0.03917815188724865,-0.009222613485689313,-0.0685777369175527,0.04885067631328522,0.0361829100698432,0.01758084923679734,0.05672709930966943,0.07533653292212661,0.019078304010088344,0.11844964836459303,estimated
all_eligible_657,500,event_year,2024,684,245,439,356,953b33b71430aec8a4c975bc18cefb1202e03bdbe740c9d91d5dc5b7aec5baff,True,False,True,True,1000,0.006089907489191693,-0.031276860884608834,0.04844949553268199,0.01065442769535474,-0.05126132143887767,0.07799674529386748,0.03771093858955887,0.01775177357483252,0.0576737953929171,0.09159946219125625,0.028265364367835926,0.13992260551116828,estimated
