variant,contrast,metric,draws,mean,median,sd,min,max
current_339,prior_AE_increment,auroc,10,0.10681467776749917,0.1074236817761332,0.018560726812720828,0.0831571296418659,0.1402691511387164
current_339,prior_AE_increment,ap,10,0.09851904306186987,0.09967120853655626,0.034442420059685105,0.0423466743575124,0.1609995312826275
current_339,event_minus_prior_AE,auroc,10,0.02012356283864142,0.0188097440641382,0.009678201581584956,0.0030505264085282,0.0354279547156513
current_339,event_minus_prior_AE,ap,10,0.0232644724447718,0.028513964569562802,0.014293568457059957,-0.002573768564454,0.0368850753548746
current_339,spatial_minus_matched_prior_increment,auroc,10,-0.043535527069292076,-0.0441445310779261,0.018560726812720838,-0.0769900004405093,-0.0198779789436588
current_339,spatial_minus_matched_prior_increment,ap,10,-0.00617413749734978,-0.0073263029720362,0.03444242005968504,-0.0686546257181074,0.0499982312070076
current_339,matched_minus_zero_prior_increment,auroc,10,-0.007805823532002959,-0.0071968195233689004,0.018560726812720783,-0.0314633716576362,0.0256486498392142
current_339,matched_minus_zero_prior_increment,ap,10,-0.004024705469881391,-0.002872539995195,0.03444242005968506,-0.0601970741742388,0.0584557827508762
current_339,spatial_minus_matched_event_increment,auroc,10,0.01787035813400293,0.0191841769085062,0.009678201581584965,0.0025659662569931,0.0349433945641162
current_339,spatial_minus_matched_event_increment,ap,10,-0.006903737827831821,-0.0121532299526228,0.014293568457059935,-0.0205243407379346,0.018934503181394
redraw_year_matched_20261005,prior_AE_increment,auroc,10,0.06003369895599309,0.0603057134046958,0.007247834708084638,0.046848156468878,0.0696995727060482
redraw_year_matched_20261005,prior_AE_increment,ap,10,0.07597348290569816,0.07788425638529095,0.011044690742928598,0.061901714958356,0.0950392665322364
redraw_year_matched_20261005,event_minus_prior_AE,auroc,10,0.026318223866789982,0.024558389498259947,0.005510562790388417,0.019723800713625,0.037630500858993
redraw_year_matched_20261005,event_minus_prior_AE,ap,10,0.035194385572178334,0.033280715739757896,0.00891779215564889,0.0225831601191244,0.052076511092252
redraw_year_matched_20261005,spatial_minus_matched_prior_increment,auroc,10,-0.02296484736355209,-0.0232368618122548,0.007247834708084639,-0.0326307211136072,-0.009779304876437
redraw_year_matched_20261005,spatial_minus_matched_prior_increment,ap,10,-0.01769364185731848,-0.019604415336911298,0.011044690742928619,-0.0367594254838568,-0.0036218739099763
redraw_year_matched_20261005,matched_minus_zero_prior_increment,auroc,10,0.00095039866085193,0.0012224131095546,0.007247834708084596,-0.0122351438262631,0.010616272410907
redraw_year_matched_20261005,matched_minus_zero_prior_increment,ap,10,-0.00749614266055756,-0.00558536918096475,0.011044690742928567,-0.0215679106078997,0.0115696409659806
redraw_year_matched_20261005,spatial_minus_matched_event_increment,auroc,10,-0.00144046517774562,0.00031936919078439995,0.005510562790388355,-0.0127527421699485,0.0051539579754193
redraw_year_matched_20261005,spatial_minus_matched_event_increment,ap,10,-0.016392847004693428,-0.014479177172273,0.00891779215564889,-0.0332749725247671,-0.0037816215516395
all_eligible_657,prior_AE_increment,auroc,10,0.051594165117649714,0.05063585256381195,0.012891723261153672,0.0340991521965814,0.0779741125266356
all_eligible_657,prior_AE_increment,ap,10,0.09453408027040307,0.09291877847362964,0.02651864845281743,0.0548750757969548,0.1363545337349945
all_eligible_657,event_minus_prior_AE,auroc,10,0.01784467515981318,0.01829351226368045,0.0073475658678103,0.0062791857460215,0.0280806546674525
all_eligible_657,event_minus_prior_AE,ap,10,0.03426146003031798,0.03605168039892545,0.018242701492751312,0.0007363398008707,0.0591798281904287
all_eligible_657,spatial_minus_matched_prior_increment,auroc,10,-0.051679172144897166,-0.0507208595910594,0.012891723261153686,-0.0780591195538831,-0.0341841592238288
all_eligible_657,spatial_minus_matched_prior_increment,ap,10,-0.09445220846346065,-0.09283690666668726,0.02651864845281742,-0.1362726619280521,-0.0547932039900124
all_eligible_657,matched_minus_zero_prior_increment,auroc,10,0.0031458267216755596,0.00218751416783775,0.012891723261153636,-0.0143491861993927,0.0295257741306614
all_eligible_657,matched_minus_zero_prior_increment,ap,10,-0.00822707335177043,-0.00984237514854375,0.02651864845281739,-0.0478860778252187,0.0335933801128209
all_eligible_657,spatial_minus_matched_event_increment,auroc,10,0.022153964727750757,0.021705127623883498,0.007347565867810304,0.0119179852201114,0.0337194541415424
all_eligible_657,spatial_minus_matched_event_increment,ap,10,0.04034763422046938,0.03855741385186195,0.018242701492751326,0.0154292660603586,0.0738727544499167
