variant,ranking,q_requested,K,N,q_realized,total_traces,baseline_captured,embedding_captured,baseline_capture,embedding_capture,gain
current_339,pooled,0.1,68,674,0.10089020771513353,335,54,61,0.16119402985074627,0.18208955223880596,0.020895522388059702
current_339,fold_local,0.1,70,674,0.10385756676557864,335,59,63,0.1761194029850746,0.1880597014925373,0.011940298507462687
current_339,pooled,0.2,135,674,0.20029673590504452,335,100,125,0.29850746268656714,0.373134328358209,0.07462686567164178
current_339,fold_local,0.2,136,674,0.20178041543026706,335,104,126,0.31044776119402984,0.3761194029850746,0.06567164179104477
current_339,pooled,0.3,203,674,0.30118694362017806,335,139,186,0.41492537313432837,0.5552238805970149,0.14029850746268657
current_339,fold_local,0.3,205,674,0.30415430267062316,335,145,190,0.43283582089552236,0.5671641791044776,0.13432835820895522
redraw_year_matched_20261005,pooled,0.1,68,674,0.10089020771513353,335,50,67,0.14925373134328357,0.2,0.050746268656716415
redraw_year_matched_20261005,fold_local,0.1,70,674,0.10385756676557864,335,57,68,0.1701492537313433,0.20298507462686566,0.03283582089552239
redraw_year_matched_20261005,pooled,0.2,135,674,0.20029673590504452,335,107,129,0.3194029850746269,0.3850746268656716,0.06567164179104477
redraw_year_matched_20261005,fold_local,0.2,137,674,0.2032640949554896,335,107,130,0.3194029850746269,0.3880597014925373,0.06865671641791045
redraw_year_matched_20261005,pooled,0.3,203,674,0.30118694362017806,335,164,191,0.48955223880597015,0.5701492537313433,0.08059701492537313
redraw_year_matched_20261005,fold_local,0.3,204,674,0.3026706231454006,335,163,189,0.48656716417910445,0.564179104477612,0.07761194029850746
all_eligible_657,pooled,0.1,100,992,0.10080645161290322,335,73,91,0.21791044776119403,0.2716417910447761,0.05373134328358209
all_eligible_657,fold_local,0.1,102,992,0.1028225806451613,335,79,93,0.23582089552238805,0.27761194029850744,0.041791044776119404
all_eligible_657,pooled,0.2,199,992,0.2006048387096774,335,136,172,0.4059701492537313,0.5134328358208955,0.10746268656716418
all_eligible_657,fold_local,0.2,200,992,0.20161290322580644,335,136,173,0.4059701492537313,0.5164179104477612,0.11044776119402985
all_eligible_657,pooled,0.3,298,992,0.3004032258064516,335,185,242,0.5522388059701493,0.7223880597014926,0.1701492537313433
all_eligible_657,fold_local,0.3,300,992,0.3024193548387097,335,187,239,0.5582089552238806,0.7134328358208956,0.15522388059701492
