path,bytes,sha256,role
CITATION.cff,826,f0c8c391a5538a67416658de8f70fd7e6376b5c81830093f77257f2f171ebb43,current_citation_metadata
README.md,3568,edb2841a806d5eb0821cffa30d0eef52eb444bc804ae3dfc02075829448853ad,usage_and_scientific_roles
SOURCE_LICENSES.txt,1726,f3d87e6e95add60436322b8282170cf6a513d04447ccb493af223cbb45743a7e,provider_attributions_and_terms
data/B2_all_eligible_657.csv,156777,a97fc73feef60d888d2ef7fbd773d65d182065e61217dcca3e1dfcbfae1feba7,full_cohort_oof_ranking
data/B2_current_339.csv,103718,0ab37c055886b60c4f5f0da534350eeaf6f8e6ebda45b7c4279e4ce2b6a64ad4,full_cohort_oof_ranking
data/B2_redraw_year_matched_20261005.csv,115407,2b0849b4417ddadb42cb7b7f8a9c100ede7b9e6c821f3730229553f1e175acc1,full_cohort_oof_ranking
data/B3_all_eligible_657.csv,247457,c2a2631f89636b78272b4cdb40e324de9087b5e6c5ef5fd8b97528f693139dd5,paired_prior_event_year_timing
data/B3_current_339.csv,170743,5bfcada64459c86c8d028b3c71ec833d88508ec5f9d0ecbc9f15b3bc2f13843a,paired_prior_event_year_timing
data/B3_redraw_year_matched_20261005.csv,171579,ce6c2abc2643a5ac37e624d96f744fd0aacb09fbeaebea769a87b5fa97ff43df,paired_prior_event_year_timing
data/B4_all_eligible_657_0m.csv,149882,49860eb5bb93b6f5f2369ac2a4502b4976cf77fef2e0180c454b6b63705efe59,paired_spatial_exclusion
data/B4_all_eligible_657_250m.csv,151639,a7a7583479c29e127c2f15aee54c89eac2c8a6cd0798b7a697761422b08c54c3,paired_spatial_exclusion
data/B4_all_eligible_657_500m.csv,151664,7b0f9b8ab8a7c723839fda5d76148849a11a7334e64819807a7b9b3aad899903,paired_spatial_exclusion
data/B4_current_339_0m.csv,104284,cc6f69364b417928c0f3191b3e2adf99e8745bc8d07b611335d91c755e42bfde,paired_spatial_exclusion
data/B4_current_339_250m.csv,105527,291631b3bc1650798224d8fd6ec66c4fe3511967a8ecf52903af325d39fe07d1,paired_spatial_exclusion
data/B4_current_339_500m.csv,105499,0c670996888ecf8d2685f2519f0c44c6acf2cb6cfde0a0448e1598fed0215f28,paired_spatial_exclusion
data/B4_redraw_year_matched_20261005_0m.csv,104562,5f30844eee12cc14e9f816bec215b8e2f351952db6f8ff49068da3b5c892182f,paired_spatial_exclusion
data/B4_redraw_year_matched_20261005_250m.csv,105920,bd9062d9d9fe852daeb9c452a0a7e081248c5c0afc2715fa7c5f47f20b19b49a,paired_spatial_exclusion
data/B4_redraw_year_matched_20261005_500m.csv,105850,ce2dd2ea58c894b5632f5bf69a9714f198147b9bdaf606d66dcd26d27e5b6fdb,paired_spatial_exclusion
data/B5_primary_all_eligible_657.csv,144813,a450a508637bcb7a51c684a127aa4e4ea2090a64cbae1ead58059528538ab44a,count_matched_control
data/B5_primary_current_339.csv,100818,09f1cba473803d02e721542da36137137400e5aebe521f073d7eb12a5a96ef9a,count_matched_control
data/B5_primary_redraw_year_matched_20261005.csv,101178,e0e8420f4d26ff76712b2881f18d61f546a50afdb44e1697f19fa2aa5c16ff14,count_matched_control
manifest.json,12179,05399c82d6521858c3dc8ba7b74de027b5fd97ab9956ef347841c3c38d6a8b82,original_source_transformation_provenance
reproduce_scores.py,1527,d51d61c3d9acb087eb1ff0e8b885bb5c837a6c631f035743e9a404250a6e6083,stdlib_numerical_reproduction
summaries/B0_metrics_pooled.csv,2350,27022825520fd90291f87a5637b9d212879414485d38a91a6f4709e4dbff99a9,saved_aggregate_numerical_results
summaries/B2_metrics_by_fold.csv,17269,13d23b0e9a80c1b938e7a9f8a96419f7d77bcde7ce6d18a68b42aaca86b0f419,saved_aggregate_numerical_results
summaries/B2_metrics_pooled.csv,2954,d57622d57aaeff79fb9cd59cacd262b3388a3bfe9da65ef2346db0d8d3dfd196,saved_aggregate_numerical_results
summaries/B3_paired_cluster_bootstrap.csv,1735,d2c7125563c3a65ec4a73778399924454bddf6fe85950bf580da94057688477b,saved_aggregate_numerical_results
summaries/B4_paired_cluster_bootstrap.csv,3349,a84b73437446898895079d77dab2c64e86c4404d59f5b5d0c494b6c026c21701,saved_aggregate_numerical_results
summaries/B4_training_fold_counts.csv,11790,6922612a18b55928124a8228ba138cd528b756d518c9e9b47f111265e873a22d,saved_aggregate_numerical_results
summaries/B5_influence_district_omissions.csv,2031,e0f46899320198b04f2db3fee4ddcb5fa50f58a6cf487652a2465ff7ce8e36f4,saved_influence_omissions
summaries/B5_influence_year_omissions.csv,6503,8f5e84ecc38914ebee56e7176f8b1cf629ef629cdb74515c6ccbb0ee171ce889,saved_influence_omissions
summaries/B5_paired_cluster_bootstrap.csv,10024,ad53528744037dbab8647b1d64893b45dc333becbae694e7ef3cfcd9c15d09e7,saved_aggregate_numerical_results
summaries/B5_seed_distribution.csv,4801,bff60e5440f638aae7fc114b0164341cded652fce42d0846997f6e98a15b56bb,saved_aggregate_numerical_results
summaries/DSS_capture_20261006_capture_at_budgets.csv,2475,7bb318cfa85265320bb9dffb10f0a02e943985f3ad179476f5ad582c47257130,saved_workload_capture
summaries/DSS_capture_20261006_capture_curves.csv,435647,9dcbca166885c9ebaf2169a7506d8df4833ab809825d00e1b69777a858b7a1c4,saved_workload_capture
LICENSE,3680,f5aef777d79265afcab1bb572debfbd75643f80228448701e5b372a136cfce5f,academic_noncommercial_license
